-- inserindo pessoas
INSERT INTO pessoa VALUES('69605688034', 'MARIA', 'F', '1990-04-26');
INSERT INTO pessoa VALUES('84252393035', 'BRUNA', 'F', '2003-05-03');
INSERT INTO pessoa VALUES('69453805050', 'JUNIOR', 'M', '1999-05-29');
INSERT INTO pessoa VALUES('67339763074', 'GUSTAVO', 'M', '2002-01-27');
INSERT INTO pessoa VALUES('42412296030', 'ARTHUR', 'M', '1999-11-18');
INSERT INTO pessoa VALUES('48678885084', 'LETICIA', 'F', '2003-01-27');
INSERT INTO pessoa VALUES('53451105012', 'RICHARD', 'M', '2003-12-15');
INSERT INTO pessoa VALUES('72529423091', 'THIAGO', 'M', '2000-01-25');
INSERT INTO pessoa VALUES('57198831001', 'FELIPE', 'M', '2005-11-10');
INSERT INTO pessoa VALUES('31662486090', 'GUILHERME', 'M', '2002-01-27');
INSERT INTO pessoa VALUES('13527141073', 'MARCELO', 'M', '1998-02-01');
INSERT INTO pessoa VALUES('84974729004', 'JULIO', 'M', '1999-04-21');
INSERT INTO pessoa VALUES('17544710050', 'LUIZA', 'F', '2000-06-04');
INSERT INTO pessoa VALUES('45861170010', 'BEATRIZ', 'F', '2004-01-15');
INSERT INTO pessoa VALUES('13827462029', 'ANA', 'F', '2003-01-20');
INSERT INTO pessoa VALUES('92326813073', 'LEONARDO', 'M', '2002-01-10');

-- inserindo usuarios
INSERT INTO usuario VALUES('72529423091', 'harryrardy', 'titi@gmail.com', '123batata>', '16422338653');
INSERT INTO usuario VALUES('84252393035', 'Ariel', 'ariel@gmail.com', 'batatafrita', '88912286744');
INSERT INTO usuario VALUES('84974729004', 'championsLeague', 'ChLeague@gmail.com', 'Mbape', '86792309520');
INSERT INTO usuario VALUES('17544710050', 'luluzinha', 'lu@gmail.com', 'coroteEcafe', '61693621601');
INSERT INTO usuario VALUES('31662486090', 'bortoleto', 'btt@gmail.com', 'batata', '85935431732');
INSERT INTO usuario VALUES('53451105012', 'ricardao', 'richard@gmail.com', 'nao_aguento_mais', '83493799195');
INSERT INTO usuario VALUES('45861170010', 'AnaB', 'AB@gmail.com', 'so_existindo', '98992047624');
INSERT INTO usuario VALUES('13827462029', 'Bia', 'bia@gmail.com', 'doguinhos', '53912631684');
INSERT INTO usuario VALUES('67339763074', 'kis', 'Gkis@gmail.com', 'capitao', '89932377641');
INSERT INTO usuario VALUES('57198831001', 'Antonio', 'ottoni@gmail.com', 'vamosNoAsteroid', '85931596484');
INSERT INTO usuario VALUES('48678885084', 'fuiDeBase', 'leticia@gmail.com', 'fanfiqueira', '37920154628');
INSERT INTO usuario VALUES('69605688034', 'An nonimus', 'descubra@gmail.com', 'senhaSecreta', '28921587070');
INSERT INTO usuario VALUES('13527141073', 'bingo', 'mpirro@gmail.com', 'cansado', '12921586570');

-- inserindo compositores
INSERT INTO compositor (id_compositor, pseudonimo, instagram) VALUES ('92326813073', 'Leo', 'leoOn');
INSERT INTO compositor (id_compositor, pseudonimo, instagram, twitter) VALUES ('67339763074', 'Kiss', 'Bala SKiss', 'KisGus');
INSERT INTO compositor (id_compositor, pseudonimo, instagram) VALUES ('48678885084', 'Let', 'FuiDeBase');
INSERT INTO compositor (id_compositor, pseudonimo) VALUES ('69453805050', 'Matheus');
INSERT INTO compositor (id_compositor, pseudonimo) VALUES ('42412296030', 'Nitto');
INSERT INTO compositor (id_compositor, pseudonimo, twitter) VALUES ('13527141073', 'Vampirro', 'senhorDeIdade');

-- inserindo empresas
INSERT INTO empresa VALUES (74487860000138, 'Sony Music', 'sonyMusic@gamil.com', '15964478953',
							'EUA', 'São Francisco', 'Californication', 'AV. Palmeiras', 65);
INSERT INTO empresa VALUES (18387160022137, 'Disney Music', 'disneyMusic@gamil.com', '14945678988',
							'EUA', 'Orlando', 'Miami Beach', 'AV. Praia', 995);
INSERT INTO empresa VALUES (12346160022137, 'Bertie Blossons', 'bertieBlossons@gamil.com', '45945678911',
							'Inglaterra', 'Londres', 'Soho', 'Portobello Road', 1256);         
INSERT INTO empresa VALUES (88345816002215, 'SM Entertainiment', 'SM@gamil.com', '77945873311',
							'Coreia', 'Seul', 'Gangnam', 'AV. Flower Road', 3414); 


-- inserindo artistas, com seus respectivos albuns e musicas
-- EDINHO APENAS THE KING
INSERT INTO artista VALUES (01, 2013, 'ED SHEERAN', 12346160022137);
INSERT INTO album VALUES (01, 'POP', 2015, 'X (MULTIPLY)' , 01);
INSERT INTO musica VALUES (01, 01, 'PHOTOGRAPH', '00:04:18', 'INGLES');
INSERT INTO musica VALUES (01, 02, 'IM A MESS', '00:04:04', 'INGLES');
INSERT INTO musica VALUES (01, 03, 'THINKING OUT LOUD', '00:04:41', 'INGLES');
INSERT INTO album  VALUES (02, 'POP', 2022, '= (EQUALS)' , 1);
INSERT INTO musica VALUES (02, 01, '2STEP', '00:02:33', 'INGLES');
INSERT INTO musica VALUES (02, 02, 'STOP THE RAIN', '00:03:23', 'INGLES');
INSERT INTO musica VALUES (02, 03, 'SHIVERS', '00:03:27', 'INGLES');
INSERT INTO musica VALUES (02, 04, 'BAD HABITS', '00:03:50', 'INGLES');

-- RBD
INSERT INTO artista VALUES (02, 2001, 'RBD', 74487860000138);
INSERT INTO album VALUES (03, 'POP', 2005, 'NUESTRO AMOR' , 02);
INSERT INTO musica VALUES (03, 01, 'NUESTRO AMOR', '00:03:35', 'ESPANHOL');
INSERT INTO musica VALUES (03, 02, 'AÚN HAY ALGO', '00:03:34', 'ESPANHOL');
INSERT INTO musica VALUES (03, 03, 'TRAS DE MI', '00:03:12', 'ESPANHOL');
INSERT INTO musica VALUES (03, 04, 'QUÉ HAY DETRÁS', '00:03:18', 'ESPANHOL');

-- MARILIA MENDONÇA
INSERT INTO artista VALUES (03, 2016, 'MARÍLIA MENDONÇA');
INSERT INTO album VALUES (04, 'COUNTRY', 2022, 'DECRETOS REAIS' , 03);
INSERT INTO musica VALUES (04, 01, 'LEÃO', '00:02:46', 'PORTUGUES');
INSERT INTO album VALUES (05, 'COUNTRY', 2020, 'FESTA DAS PATROAS' , 03);
INSERT INTO musica VALUES (05, 01, 'CORAÇÃO BANDIDO', '00:04:07', 'PORTUGUES');
INSERT INTO musica VALUES (05, 02, 'NUVEM DE LÁGRIMAS', '00:03:20', 'PORTUGUES');

-- ANITTA
INSERT INTO artista VALUES (04, 2012, 'ANITTA', 18387160022137);
INSERT INTO album VALUES (06, 'FUNK', 2022, 'AI PAPAI' , 04);
INSERT INTO musica VALUES (06, 01, 'AI PAPAI', '00:02:28', 'PORTUGUES');
INSERT INTO musica VALUES (06, 02, 'ENVOLVER', '00:03:13', 'ESPANHOL');
INSERT INTO musica VALUES (06, 03, 'DOWNTOWN', '00:03:13', 'ESPANHOL');

-- JÃO
INSERT INTO artista VALUES (05, 2017, 'JÃO');
INSERT INTO album VALUES (07, 'POP', 2022, 'PIRATA' , 05);
INSERT INTO musica VALUES (07, 01, 'IDIOTA', '00:03:01', 'PORTUGUES');
INSERT INTO musica VALUES (07, 02, 'CORINGA', '00:03:07', 'PORTUGUES');
INSERT INTO album VALUES (08, 'POP', 2023, 'PILANTRA' , 05);
INSERT INTO musica VALUES (08, 01, 'PILANTRA', '00:03:12', 'PORTUGUES');

-- RITA LEE
INSERT INTO artista VALUES (06, 1975, 'RITA LEE');
INSERT INTO album VALUES (09, 'ROCK', 2012, 'REZA' , 06);
INSERT INTO musica VALUES (09, 01, 'REZA', '00:02:26', 'PORTUGUES');

-- CAPITAL INICIAL
INSERT INTO artista VALUES (07, 1993, 'CAPITAL INICIAL');
INSERT INTO album VALUES (10, 'ROCK', 2000, 'ACÚSTICO' , 07);
INSERT INTO musica VALUES (10, 01, 'PRIMEIROS ERROS', '00:04:04', 'PORTUGUES');
INSERT INTO musica VALUES (10, 02, 'NATASHA', '00:04:04', 'PORTUGUES');
INSERT INTO musica VALUES (10, 03,'TUDO QUE VAI', '00:03:56', 'PORTUGUES');

-- EXO
INSERT INTO artista  VALUES (08, 2015, 'EXO', 88345816002215);
INSERT INTO album VALUES (11, 'POP', 2017, 'THE WAR' , 08);
INSERT INTO musica VALUES (11, 01, 'KO KO BOP', '00:03:10', 'COREANO');
INSERT INTO musica VALUES (11, 02, 'WALK ON MEMORIES', '00:03:52', 'COREANO');
INSERT INTO musica VALUES (11, 03, 'THE EVE', '00:02:56', 'COREANO');
INSERT INTO musica VALUES (11, 04, 'POWER', '00:03:12', 'COREANO');
INSERT INTO album VALUES (12, 'POP', 2017, 'EXACT' , 08);
INSERT INTO musica VALUES (12, 01, 'MONSTER', '00:03:10', 'COREANO');
INSERT INTO musica VALUES (12,02, 'ARTIFICIAL LOVE', '00:03:10', 'COREANO');
INSERT INTO musica VALUES (12, 03, 'ONE AND ONLY', '00:03:10', 'COREANO');
INSERT INTO musica VALUES (12, 04, 'OVERDOSE', '00:03:10', 'COREANO');
INSERT INTO musica VALUES (12, 05, 'LOTTO', '00:03:10', 'COREANO');

-- MAROON 5
INSERT INTO artista VALUES (09, 2000, 'MAROON 5');
INSERT INTO album VALUES (13, 'POP', 2014, 'V' , 09);
INSERT INTO musica VALUES (13, 01, 'SUGAR', '00:03:10', 'INGLES');
INSERT INTO musica VALUES (13, 02, 'MAPS', '00:03:16', 'INGLES');
INSERT INTO musica VALUES (13, 03, 'ANIMALS', '00:02:56', 'INGLES');
INSERT INTO musica VALUES (13, 04, 'MY HEART IS OPEN', '00:03:45', 'INGLES');
INSERT INTO musica VALUES (13, 05, 'UNKISS ME', '00:03:58', 'INGLES');
INSERT INTO album VALUES (14, 'POP', 2012, 'OVEREXPOSED TRACK BY TRACK' , 09);
INSERT INTO musica VALUES (14, 01, 'PAYPHONE', '00:03:51', 'INGLES');
INSERT INTO musica VALUES (14, 02, 'ONE MORE NIGHT', '00:03:51', 'INGLES');
INSERT INTO album VALUES (15, 'POP', 2012, 'JORDI' , 09);
INSERT INTO musica VALUES (15, 01, 'LIFESTYLE', '00:03:51', 'INGLES');
INSERT INTO musica VALUES (15, 02, 'MEMORIES', '00:02:33', 'INGLES');
INSERT INTO album VALUES (16, 'POP', 2012, 'RED PILL BLUES' , 09);
INSERT INTO musica VALUES (16, 01,  'GIRLS LIKE YOU', '00:03:33', 'INGLES');
INSERT INTO musica VALUES (16, 02, 'DONT WANNA KNOW', '00:03:15', 'INGLES');
INSERT INTO musica VALUES (16, 03, 'COLD', '00:03:45', 'INGLES');

-- 5 SECONDS OF SUMMER
INSERT INTO artista VALUES (10, 2012, '5 SECONDS OF SUMMER');
INSERT INTO album VALUES (17, 'POP', 2018, 'YOUNGBLOOD' , 10);
INSERT INTO musica VALUES (17,01, 'GHOST OF YOU', '00:03:17', 'INGLES');
INSERT INTO musica VALUES (17,02, 'YOUNGBLOOD', '00:03:23', 'INGLES');
INSERT INTO musica VALUES (17,03, 'LIE TO ME', '00:02:30', 'INGLES');
INSERT INTO musica VALUES (17,04, 'IF WALLS COULD TALK', '00:03:17', 'INGLES');
INSERT INTO album VALUES (18, 'POP', 2020, 'CALM' , 10);
INSERT INTO musica VALUES (18, 01, 'OLD ME', '00:03:06', 'INGLES');
INSERT INTO musica VALUES (18, 02,  'EASIER', '00:03:17', 'INGLES');
INSERT INTO musica VALUES (18, 03, 'TEETH', '00:02:17', 'INGLES');
INSERT INTO musica VALUES (18, 04, 'WILDFLOWER', '00:03:54', 'INGLES');
INSERT INTO musica VALUES (18, 05,  'RED DESERT', '00:03:16', 'INGLES');

-- ZAYN
INSERT INTO artista VALUES (11, 2014, 'ZAIN', 18387160022137);
INSERT INTO album VALUES (19, 'POP', 2018, 'ICARUS FALLS' , 11);
INSERT INTO musica VALUES (19, 01, 'DUSK TILL DAWN', '00:03:59', 'INGLES');
INSERT INTO musica VALUES (19, 02, 'TRAMPOLINE', '00:03:28', 'INGLES');
INSERT INTO musica VALUES (19, 03, 'ENTERTAINER', '00:03:59', 'INGLES');
INSERT INTO musica VALUES (19, 04, 'SATISFACTION', '00:03:59', 'INGLES');
INSERT INTO musica VALUES (19, 05, 'GOOD YEARS', '00:03:19', 'INGLES');
INSERT INTO musica VALUES (19, 06, 'INSONMIA', '00:02:55', 'INGLES');

-- IMAGINE DRAGONS
INSERT INTO artista VALUES (12, 2005, 'IMAGINE DRAGONS', 74487860000138);
INSERT INTO album VALUES (20, 'INDIE', 2022, 'MERCURY ACTS 1 & 2' , 12);
INSERT INTO musica VALUES (20, 01, 'ENEMY', '00:03:33', 'INGLES');
INSERT INTO musica VALUES (20, 02, 'BONES', '00:03:59', 'INGLES');
INSERT INTO musica VALUES (20, 03, 'FOLLOW YOU', '00:03:52', 'INGLES');
INSERT INTO musica VALUES (20, 04, 'SHARKS', '00:03:26', 'INGLES');
INSERT INTO musica VALUES (20, 05, 'NO TIME FOR TOXIC PEOPLE', '00:03:26', 'INGLES');
INSERT INTO musica VALUES (20, 06, 'CUTTHROAT', '00:03:26', 'INGLES');
INSERT INTO album VALUES (21, 'INDIE', 2018, 'ORIGINS' , 12);
INSERT INTO musica VALUES (21, 01, 'NATURAL', '00:03:25', 'INGLES');
INSERT INTO musica VALUES (21, 02, 'BAD LIAR', '00:03:26', 'INGLES');
INSERT INTO musica VALUES (21, 03, 'ZERO', '00:03:55', 'INGLES');
INSERT INTO musica VALUES (21, 04, 'BIRDS', '00:03:26', 'INGLES');

-- THE WEEKND
INSERT INTO artista VALUES (13, 2011, 'THE WEEKND', 74487860000138);
INSERT INTO album VALUES (22, 'POP', 2020, 'AFTER HOURS' , 13);
INSERT INTO musica VALUES (22, 01, 'SAVE YOUR TEARS', '00:03:10', 'INGLES');
INSERT INTO musica VALUES (22, 02, 'IN YOUR EYES', '00:03:25', 'INGLES');
INSERT INTO musica VALUES (22, 03, 'BLINDING LIGHTS', '00:03:55', 'INGLES');
INSERT INTO album VALUES (23, 'POP', 2023, 'STARBOY DELUXE' , 13);
INSERT INTO musica VALUES (23, 01, 'DIE FOR YOU', '00:03:10', 'INGLES');
INSERT INTO musica VALUES (23, 02, 'STARBOY', '00:03:10', 'INGLES');
INSERT INTO musica VALUES (23, 03,  'I FEEL IT COMMING', '00:03:10', 'INGLES');

-- BACKSTREET BOYS
INSERT INTO artista VALUES (14, 1990, 'BACKSTREET BOYS');
INSERT INTO album VALUES (24, 'POP', 1999, 'MILLENIUM' , 14);
INSERT INTO musica VALUES (24, 01, 'I WANT IT THAT WAY', '00:03:33', 'INGLES');

-- AYA NAKAMURA
INSERT INTO artista VALUES (15, 2015, 'AYA NAKAMURA');
INSERT INTO album VALUES (25, 'POP', 2022, 'DNK' , 15);
INSERT INTO musica VALUES (25, 01, 'DADDY', '00:03:17', 'OUTRO');
INSERT INTO musica VALUES (25, 02, 'TOUS LE JOURS', '00:02:50', 'OUTRO');


-- escrever musica
-- compositor, album, musica
INSERT INTO escrever_musica VALUES (48678885084, 01, 01);
INSERT INTO escrever_musica VALUES (48678885084, 01, 02);
INSERT INTO escrever_musica VALUES (48678885084, 01, 03);
INSERT INTO escrever_musica VALUES (42412296030, 02, 01);
INSERT INTO escrever_musica VALUES (42412296030, 02, 02);
INSERT INTO escrever_musica VALUES (42412296030, 02, 03);
INSERT INTO escrever_musica VALUES (42412296030, 02, 04);
INSERT INTO escrever_musica VALUES (13527141073, 03, 01);
INSERT INTO escrever_musica VALUES (13527141073, 03, 02);
INSERT INTO escrever_musica VALUES (13527141073, 03, 03);
INSERT INTO escrever_musica VALUES (13527141073, 03, 04);
INSERT INTO escrever_musica VALUES (13527141073, 04, 01);
INSERT INTO escrever_musica VALUES (48678885084, 04, 01);
INSERT INTO escrever_musica VALUES (67339763074, 05, 01);
INSERT INTO escrever_musica VALUES (67339763074, 05, 02);
INSERT INTO escrever_musica VALUES (67339763074, 06, 01);
INSERT INTO escrever_musica VALUES (67339763074, 06, 02);
INSERT INTO escrever_musica VALUES (13527141073, 06, 01);
INSERT INTO escrever_musica VALUES (13527141073, 06, 02);
INSERT INTO escrever_musica VALUES (48678885084, 06, 03);
INSERT INTO escrever_musica VALUES (67339763074, 07, 01);
INSERT INTO escrever_musica VALUES (67339763074, 07, 02);
INSERT INTO escrever_musica VALUES (67339763074, 08, 01);
INSERT INTO escrever_musica VALUES (48678885084, 09, 01);
INSERT INTO escrever_musica VALUES (69453805050, 10, 01);
INSERT INTO escrever_musica VALUES (69453805050, 10, 02);
INSERT INTO escrever_musica VALUES (69453805050, 10, 03);
INSERT INTO escrever_musica VALUES (69453805050, 11, 01);
INSERT INTO escrever_musica VALUES (69453805050, 11, 02);
INSERT INTO escrever_musica VALUES (69453805050, 11, 03);
INSERT INTO escrever_musica VALUES (69453805050, 11, 04);
INSERT INTO escrever_musica VALUES (92326813073, 12, 01);
INSERT INTO escrever_musica VALUES (92326813073, 12, 02);
INSERT INTO escrever_musica VALUES (92326813073, 12, 03);
INSERT INTO escrever_musica VALUES (92326813073, 12, 04);
INSERT INTO escrever_musica VALUES (92326813073, 12, 05);
INSERT INTO escrever_musica VALUES (13527141073, 13, 01);
INSERT INTO escrever_musica VALUES (13527141073, 13, 02);
INSERT INTO escrever_musica VALUES (13527141073, 13, 03);
INSERT INTO escrever_musica VALUES (13527141073, 13, 04);
INSERT INTO escrever_musica VALUES (13527141073, 13, 05);
INSERT INTO escrever_musica VALUES (48678885084, 14, 01);
INSERT INTO escrever_musica VALUES (48678885084, 14, 02);
INSERT INTO escrever_musica VALUES (67339763074, 15, 01);
INSERT INTO escrever_musica VALUES (67339763074, 15, 02);
INSERT INTO escrever_musica VALUES (48678885084, 15, 02);
INSERT INTO escrever_musica VALUES (13527141073, 15, 02);
INSERT INTO escrever_musica VALUES (13527141073, 16, 01);
INSERT INTO escrever_musica VALUES (13527141073, 16, 02);
INSERT INTO escrever_musica VALUES (13527141073, 16, 03);
INSERT INTO escrever_musica VALUES (92326813073, 17, 01);
INSERT INTO escrever_musica VALUES (92326813073, 17, 02);
INSERT INTO escrever_musica VALUES (92326813073, 17, 03);
INSERT INTO escrever_musica VALUES (92326813073, 17, 04);
INSERT INTO escrever_musica VALUES (42412296030, 18, 01);
INSERT INTO escrever_musica VALUES (42412296030, 18, 02);
INSERT INTO escrever_musica VALUES (42412296030, 18, 03);
INSERT INTO escrever_musica VALUES (42412296030, 18, 04);
INSERT INTO escrever_musica VALUES (42412296030, 18, 05);
INSERT INTO escrever_musica VALUES (48678885084, 19, 01);
INSERT INTO escrever_musica VALUES (48678885084, 19, 02);
INSERT INTO escrever_musica VALUES (48678885084, 19, 03);
INSERT INTO escrever_musica VALUES (48678885084, 19, 04);
INSERT INTO escrever_musica VALUES (48678885084, 19, 05);
INSERT INTO escrever_musica VALUES (48678885084, 19, 06);
INSERT INTO escrever_musica VALUES (48678885084, 20, 01);
INSERT INTO escrever_musica VALUES (48678885084, 20, 02);
INSERT INTO escrever_musica VALUES (48678885084, 20, 03);
INSERT INTO escrever_musica VALUES (48678885084, 20, 04);
INSERT INTO escrever_musica VALUES (48678885084, 20, 05);
INSERT INTO escrever_musica VALUES (48678885084, 20, 06);
INSERT INTO escrever_musica VALUES (67339763074, 21, 01);
INSERT INTO escrever_musica VALUES (67339763074, 21, 02);
INSERT INTO escrever_musica VALUES (67339763074, 21, 03);
INSERT INTO escrever_musica VALUES (67339763074, 21, 04);
INSERT INTO escrever_musica VALUES (67339763074, 22, 01);
INSERT INTO escrever_musica VALUES (67339763074, 22, 02);
INSERT INTO escrever_musica VALUES (67339763074, 22, 03);
INSERT INTO escrever_musica VALUES (13527141073, 22, 01);
INSERT INTO escrever_musica VALUES (13527141073, 23, 01);
INSERT INTO escrever_musica VALUES (13527141073, 23, 02);
INSERT INTO escrever_musica VALUES (13527141073, 23, 03);
INSERT INTO escrever_musica VALUES (13527141073, 24, 01);
INSERT INTO escrever_musica VALUES (13527141073, 25, 01);
INSERT INTO escrever_musica VALUES (67339763074, 25, 01);
INSERT INTO escrever_musica VALUES (67339763074, 25, 02);

-- favoritar album

INSERT INTO favoritar_album VALUES ('72529423091', 1);
INSERT INTO favoritar_album VALUES ('72529423091', 5);
INSERT INTO favoritar_album VALUES ('72529423091', 10);
INSERT INTO favoritar_album VALUES ('72529423091', 15);
INSERT INTO favoritar_album VALUES ('72529423091', 25);
INSERT INTO favoritar_album VALUES ('17544710050', 2);
INSERT INTO favoritar_album VALUES ('17544710050', 4);
INSERT INTO favoritar_album VALUES ('17544710050', 6);
INSERT INTO favoritar_album VALUES ('17544710050', 8);
INSERT INTO favoritar_album VALUES ('17544710050', 10);
INSERT INTO favoritar_album VALUES ('17544710050', 12);
INSERT INTO favoritar_album VALUES ('17544710050', 14);
INSERT INTO favoritar_album VALUES ('31662486090', 1);
INSERT INTO favoritar_album VALUES ('31662486090', 3);
INSERT INTO favoritar_album VALUES ('31662486090', 5);
INSERT INTO favoritar_album VALUES ('31662486090', 7);
INSERT INTO favoritar_album VALUES ('31662486090', 9);
INSERT INTO favoritar_album VALUES ('31662486090', 11);
INSERT INTO favoritar_album VALUES ('31662486090', 13);
INSERT INTO favoritar_album VALUES ('53451105012', 2);
INSERT INTO favoritar_album VALUES ('53451105012', 5);
INSERT INTO favoritar_album VALUES ('53451105012', 8);
INSERT INTO favoritar_album VALUES ('53451105012', 10);
INSERT INTO favoritar_album VALUES ('53451105012', 23);
INSERT INTO favoritar_album VALUES ('53451105012', 12);
INSERT INTO favoritar_album VALUES ('53451105012', 7);
INSERT INTO favoritar_album VALUES ('45861170010', 1);
INSERT INTO favoritar_album VALUES ('45861170010', 2);
INSERT INTO favoritar_album VALUES ('45861170010', 3);
INSERT INTO favoritar_album VALUES ('45861170010', 4);
INSERT INTO favoritar_album VALUES ('45861170010', 5);
INSERT INTO favoritar_album VALUES ('45861170010', 6);
INSERT INTO favoritar_album VALUES ('45861170010', 7);
INSERT INTO favoritar_album VALUES ('45861170010', 8);
INSERT INTO favoritar_album VALUES ('45861170010', 9);
INSERT INTO favoritar_album VALUES ('45861170010', 12);
INSERT INTO favoritar_album VALUES ('13827462029', 24);
INSERT INTO favoritar_album VALUES ('13827462029', 23);
INSERT INTO favoritar_album VALUES ('13827462029', 22);
INSERT INTO favoritar_album VALUES ('13827462029', 21);
INSERT INTO favoritar_album VALUES ('13827462029', 20);
INSERT INTO favoritar_album VALUES ('13827462029', 19);
INSERT INTO favoritar_album VALUES ('13827462029', 18);
INSERT INTO favoritar_album VALUES ('13827462029', 17);
INSERT INTO favoritar_album VALUES ('13827462029', 16);
INSERT INTO favoritar_album VALUES ('13827462029', 15);
INSERT INTO favoritar_album VALUES ('67339763074', 1);
INSERT INTO favoritar_album VALUES ('67339763074', 5);
INSERT INTO favoritar_album VALUES ('67339763074', 15);
INSERT INTO favoritar_album VALUES ('57198831001', 1);
INSERT INTO favoritar_album VALUES ('57198831001', 2);
INSERT INTO favoritar_album VALUES ('57198831001', 5);
INSERT INTO favoritar_album VALUES ('57198831001', 10);
INSERT INTO favoritar_album VALUES ('48678885084', 1);
INSERT INTO favoritar_album VALUES ('48678885084', 2);
INSERT INTO favoritar_album VALUES ('48678885084', 4);
INSERT INTO favoritar_album VALUES ('48678885084', 8);
INSERT INTO favoritar_album VALUES ('48678885084', 16);
INSERT INTO favoritar_album VALUES ('48678885084', 3);
INSERT INTO favoritar_album VALUES ('48678885084', 5);
INSERT INTO favoritar_album VALUES ('48678885084', 11);
INSERT INTO favoritar_album VALUES ('48678885084', 13);

-- favoritar musica
INSERT INTO favoritar_musica VALUES (31662486090, 01, 03);
INSERT INTO favoritar_musica VALUES (31662486090, 01, 02);
INSERT INTO favoritar_musica VALUES (48678885084, 02, 02);
INSERT INTO favoritar_musica VALUES (53451105012, 02, 02);
INSERT INTO favoritar_musica VALUES (45861170010, 02, 02);
INSERT INTO favoritar_musica VALUES (45861170010, 02, 01);
INSERT INTO favoritar_musica VALUES (72529423091, 03, 01);
INSERT INTO favoritar_musica VALUES (31662486090, 04, 01);
INSERT INTO favoritar_musica VALUES (72529423091, 05, 02);
INSERT INTO favoritar_musica VALUES (17544710050, 05, 02);
INSERT INTO favoritar_musica VALUES (31662486090, 05, 02);
INSERT INTO favoritar_musica VALUES (84252393035, 07, 01);
INSERT INTO favoritar_musica VALUES (84252393035, 07, 02);
INSERT INTO favoritar_musica VALUES (57198831001, 07, 01);
INSERT INTO favoritar_musica VALUES (57198831001, 08, 01);
INSERT INTO favoritar_musica VALUES (84252393035, 08, 01);
INSERT INTO favoritar_musica VALUES (72529423091, 11, 02);
INSERT INTO favoritar_musica VALUES (84252393035, 11, 02);
INSERT INTO favoritar_musica VALUES (84252393035, 11, 03);
INSERT INTO favoritar_musica VALUES (72529423091, 11, 04);
INSERT INTO favoritar_musica VALUES (31662486090, 13, 02);
INSERT INTO favoritar_musica VALUES (17544710050, 14, 01);
INSERT INTO favoritar_musica VALUES (48678885084, 15, 02);
INSERT INTO favoritar_musica VALUES (53451105012, 16, 03);
INSERT INTO favoritar_musica VALUES (17544710050, 17, 02);
INSERT INTO favoritar_musica VALUES (31662486090, 17, 02);
INSERT INTO favoritar_musica VALUES (72529423091, 20, 05);
INSERT INTO favoritar_musica VALUES (53451105012, 21, 01);
INSERT INTO favoritar_musica VALUES (31662486090, 22, 01);
INSERT INTO favoritar_musica VALUES (48678885084, 23, 01);
INSERT INTO favoritar_musica VALUES (31662486090, 25, 01);
INSERT INTO favoritar_musica VALUES (72529423091, 25, 01);
INSERT INTO favoritar_musica VALUES (48678885084, 25, 01);
INSERT INTO favoritar_musica VALUES (53451105012, 25, 01);

